<?xml version="1.0" encoding="UTF-8"?>
<!DOCTYPE struts PUBLIC
    "-//Apache Software Foundation//DTD Struts Configuration 2.5//EN"
    "http://struts.apache.org/dtds/struts-2.5.dtd">

<struts>
	<!-- Define an action for creating an employee -->
	<package name="employee" extends="struts-default">
		<action name="createEmployeeAction"
			class="com.actions.CreateEmployeeAction" method="create">
			<result name="success">/index.jsp</result>
			<result name="error">/error.jsp</result>
		</action>
		<action name="updateEmployeeAction"
			class="com.actions.updateEmployeeAction" method="update">
			<result name="success">/listEmployees.jsp</result>
			<result name="error">/error.jsp</result>
		</action>
		<action name="deleteEmployeeAction"
			class="com.actions.deleteEmployeeAction" method="delete">
			<result name="success">/listEmployees.jsp</result>
			<result name="error">/error.jsp</result>
		</action>
	</package>

</struts>
